trial_id,publication_doi,registry_id,population_adult,icu_setting,design_superiority,randomization_unit,primary_outcome_label,primary_outcome_timepoint,adverse_event_direction,p0_assumed,p1_assumed,effect_assumed_scale,effect_assumed_value,target_analyzable_n,target_randomized_n,attrition_allowance,target_power,alpha,tail,allocation_ratio,actual_randomized_n,actual_primary_analysis_n,n0_observed,x0_observed,n1_observed,x1_observed,effect_observed_value,negative_primary,recruitment_shortfall,design_recalculation_status,cer_error_pp,counterfactual_mde_scale,counterfactual_mde_value,mde_to_assumed_effect_ratio,control_event_rate_compromised,agent_disagreement_status
RSI_NCT05277896,10.1056/NEJMoa2511420,NCT05277896,yes,14 US emergency departments and ICUs; critically ill adults undergoing emergency tracheal intubation,yes,individual,All-cause in-hospital mortality,28 days,higher_worse,0.3,0.248,absolute_difference,0.052,2308,2364,0.03,0.8,0.05,two_sided,1:1,2365,2359,1186,345,1173,330,0.009564,yes,no,reproduced,0.910624,absolute_difference,0.051457,0.989564,no,resolved
BICARICU2_NCT04010630,10.1001/jama.2025.20231,NCT04010630,yes,43 French adult ICUs; severe metabolic acidemia with moderate-to-severe acute kidney injury,yes,individual,Day 90 all-cause mortality,Day 90,higher_worse,0.8,0.7,absolute_difference,0.1,588,640,0.08,0.8,0.05,two_sided,1:1,640,627,313,193,314,195,-0.004406,yes,no,reproduced,18.338658,absolute_difference,0.1144882,1.144882,yes,resolved
UKROX_ISRCTN13384956,10.1001/jama.2025.9663,ISRCTN13384956,yes,97 adult ICUs in the United Kingdom; invasively ventilated critically ill adults,yes,individual,All-cause mortality,90 days,higher_worse,0.37,0.345,absolute_difference,0.025,15444,16500,0.06,0.9,0.05,two_sided,1:1,16500,16434,8183,2858,8211,2908,-0.007,yes,no,reproduced,2.073934,absolute_difference,0.02465417,0.986167,no,resolved
OPTPRESS_UMIN000041775,10.1007/s00134-025-07910-4,UMIN000041775,yes,29 Japanese hospitals; ICU patients aged >=65 years with septic shock,yes,individual,All-cause mortality,90 days after randomization,higher_worse,0.45,0.35,absolute_difference,0.1,752,836,0.1,0.8,0.05,two_sided,1:1,518,516,259,74,257,101,-0.107282,no,yes,reproduced,16.428571,absolute_difference,0.087378,0.873779,no,resolved
TESTS_NCT02867267,10.1136/bmj-2024-082583,NCT02867267,yes,"Multicenter adult sepsis trial; study drug continued until ICU discharge, death, withdrawal, or 7 days",yes,individual,All-cause mortality,28 days after randomization,higher_worse,0.35,0.27,absolute_difference,0.08,1052,1106,0.05,0.8,0.025,one_sided,1:1,1106,1089,547,132,542,127,0.006999,yes,no,reproduced,10.868373,absolute_difference,0.069838,0.872977,no,resolved
WIN_IN_WEAN_NCT02123940,10.1186/s13054-024-05166-w,NCT02123940,yes,9 French and 3 Chinese ICUs; adults ventilated >48 h without COPD and at high risk of postextubation failure,yes,individual,Postextubation respiratory failure,Within 48 hours after extubation,higher_worse,0.65,0.455,RRR,0.3,192,650,0.1,0.8,0.05,two_sided,1:1,664,227,99,28,128,19,0.475167410714286,no,no,failed,36.717172,,,,no,resolved
TRAIN_NCT02968654,10.1001/jama.2024.20424,NCT02968654,yes,"72 ICUs in 22 countries; adults with traumatic brain injury, subarachnoid hemorrhage, or intracerebral hemorrhage and anemia",yes,individual,Unfavorable neurologic outcome (extended Glasgow Outcome Scale 1-5),180 days after randomization,higher_worse,0.5,0.39,absolute_difference,0.11,756,794,0.05,0.85,0.05,two_sided,1:1,850,806,413,300,393,246,0.100438,no,no,reproduced,-22.639225,absolute_difference,0.101837,0.925791,no,resolved
NCT01862016,10.1007/s00134-024-07612-3,NCT01862016,yes,22 French adult ICUs treating moderate or severe ARDS,yes,individual,in-hospital death from any cause,day 60 after randomisation,higher_worse,0.35,0.25,absolute_difference,0.1,700,700,,0.8,0.05,two_sided,1:1,700,699,352,118,347,120,-0.010594052921,yes,no,failed,1.477272727273,,,,unclear,resolved
NCT03213990,10.1001/jama.2024.9779,NCT03213990,yes,104 adult ICUs in seven countries enrolling critically ill adults with sepsis,yes,individual,all-cause mortality,90 days after randomisation,higher_worse,0.275,0.24,absolute_difference,0.035,6558,7000,0.05,0.9,0.05,two_sided,1:1,7202,7031,3507,939,3474,864,0.019045550646,yes,no,reproduced,0.7249786142,absolute_difference,0.03467326,0.9906645,no,resolved
NCT03374800,10.1056/NEJMoa2404245,NCT03374800,yes,68 international ICUs enrolling invasively ventilated critically ill adults,yes,individual,clinically important upper gastrointestinal bleeding,in ICU or resulting in ICU readmission through 90 days after randomisation,higher_worse,0.03,0.015,RRR,0.5,4800,4800,,0.85,0.05,two_sided,1:1,4821,4762,2377,84,2385,25,0.703379255266,no,no,partial,-0.533866217922,,,,no,adjudication_required
PMID38741134,10.1186/s13054-024-04947-7,,yes,single-hospital adult ICUs enrolling comatose patients requiring urinary catheterisation,yes,individual,catheter-associated urinary tract infection,day 10 after catheterisation,higher_worse,0.25,0.11,absolute_difference,0.14,418,440,0.05,0.9,0.05,unclear,1:1,669,446,221,47,225,23,0.110447461036,no,no,partial,3.733031674208,,,,no,adjudication_required
NCT03477344,10.1186/s13054-024-04842-1,NCT03477344,yes,nine French cardiac-surgery ICUs enrolling adults aged at least 65 years,yes,individual,occurrence of postoperative delirium,within 7 days after surgery,higher_worse,0.25,0.125,RRR,0.5,332,348,0.05,0.9,0.05,one_sided,1:1,333,331,166,20,165,20,-0.0060606060606061,yes,yes,reproduced,12.951807228916,RRR,0.709793092,1.419586184,yes,resolved
REVIVAL_NCT04411472,10.1007/s00134-023-07271-w,NCT04411472,yes,"107 sites across North America, Europe, Japan, and Oceania; critically ill adults with sepsis-associated acute kidney injury requiring vasopressors",yes,individual,28-day all-cause mortality,day 28,higher_worse,0.35,0.27,absolute_difference,0.08,1400,1400,,0.856,0.025,one_sided,1:1,650,567,283,70,284,79,-0.030819190763,yes,yes,partial,10.265017667845,,,,unclear,resolved
AMIKINHAL_NCT03149640,10.1056/NEJMoa2310307,NCT03149640,yes,19 French intensive care units; critically ill adults invasively ventilated for at least 72 hours,yes,individual,First episode of ventilator-associated pneumonia,randomization through day 28,higher_worse,0.12,0.06,RRR,0.5,850,850,,0.8,0.05,two_sided,1:1,850,847,430,95,417,62,0.327022592452,no,no,partial,-10.093023255814,,,,unclear,resolved
MERCY_NCT03452839,10.1001/jama.2023.10598,NCT03452839,yes,"31 ICUs in 26 hospitals across Croatia, Italy, Kazakhstan, and Russia; critically ill adults with sepsis or septic shock prescribed meropenem",yes,individual,Composite of all-cause mortality and emergence of pandrug-resistant or extensively drug-resistant bacteria,day 28,higher_worse,0.52,0.40,absolute_difference,0.12,600,600,,0.8,0.05,two_sided,1:1,607,607,304,149,303,142,0.021484714261,yes,no,partial,2.986842105263,,,,unclear,resolved
DAMIS_NCT04173221,10.1007/s00134-023-07098-5,NCT04173221,yes,Four German tertiary-referral ICUs; adults with circulatory shock requiring vasopressors after fluid resuscitation and lactate above 2 mmol/L,yes,individual,30-day mortality,day 30,higher_worse,0.57,0.38,absolute_difference,0.19,186,200,0.07,0.8,0.05,two_sided,1:1,141,140,72,25,68,32,-0.123366013072,yes,yes,partial,22.277777777778,,,,unclear,resolved
OptiTHO_NCT03943914,10.1186/s13054-023-04429-2,NCT03943914,yes,12 French ICUs; adults admitted within 48 hours after high-risk hypoxemic blunt chest trauma,yes,individual,Need for endotracheal intubation for delayed respiratory failure,within 14 days after randomization and/or end of hospitalization,higher_worse,0.25,0.12,absolute_difference,0.13,278,278,,0.8,0.05,two_sided,1:1,141,141,70,6,71,5,0.015291750503,yes,yes,reproduced,16.428571428571,absolute_difference,0.072544669565,0.558035919728,no,resolved
PREVHAP_NCT04793568,10.1007/s00134-023-07065-0,NCT04793568,yes,11 European hospital ICUs; critically ill adults with acute organ failure receiving invasive mechanical ventilation,yes,individual,Composite of hospital-acquired pneumonia or all-cause mortality,day 28,higher_worse,0.35,0.21875,HR,0.625,200,200,,0.90,0.05,two_sided,1:1,109,108,53,16,55,26,1.76,yes,yes,partial,4.811320754717,,,,unclear,resolved
CAPECOD_NCT02517489,10.1056/NEJMoa2215145,NCT02517489,yes,31 French ICUs or intermediate critical-care units; adults with severe community-acquired pneumonia,yes,individual,All-cause mortality,day 28,higher_worse,0.27,0.2025,RRR,0.25,1165,1200,0.0291666667,0.80,0.05,two_sided,1:1,800,795,395,47,400,25,0.474734042553,no,yes,partial,15.101265822785,,,,no,resolved
VALSE_NCT01791868,10.1186/s13054-022-04292-7,NCT01791868,yes,16 French ICUs; adults admitted for generalized convulsive status epilepticus,yes,individual,Living patients discharged from hospital to home or long-term care facility,day 15,higher_better,0.50,0.70,absolute_difference,0.20,248,300,0.173333333333,0.90,0.05,two_sided,1:1,245,244,118,72,126,77,0.000941619586,yes,yes,reproduced,-11.016949152542,absolute_difference,0.186469172812,0.932345864062,no,resolved
HFOSBT_NCT03929328,10.1186/s13054-022-04281-w,NCT03929328,yes,Single South Korean medical ICU; adults mechanically ventilated at least 12 hours and ready for a spontaneous breathing trial,yes,individual,Weaning failure (SBT failure within 72 hours or reintubation/death after extubation),day 2,higher_worse,0.42,0.15,absolute_difference,0.27,98,108,0.10,0.85,0.05,two_sided,1:1,108,108,54,5,54,3,0.037037037037,yes,no,partial,32.740740740741,,,,unclear,resolved
NIVHFNC_NCT04125342,10.1007/s00134-022-06919-3,NCT04125342,yes,Two Spanish ICUs; critically ill adults at very high risk for extubation failure,yes,individual,All-cause reintubation,within 7 days after extubation,higher_worse,0.45,0.24,absolute_difference,0.21,160,176,0.10,0.80,0.05,two_sided,1:1,182,182,90,35,92,21,0.160628019324,no,no,reproduced,6.111111111111,absolute_difference,0.199363590038,0.949350428754,no,resolved
EXACT-NCT03138005,10.1001/jama.2022.17701,NCT03138005,yes,prehospital OHCA with planned admission to a participating ICU,yes,individual,survival to hospital discharge,hospital discharge,higher_better,0.35,0.44,RR,1.25,1286,1416,0.10,0.90,0.049,two_sided,1:1,428,425,211,101,214,82,0.800499704229457,yes,yes,reproduced,-12.8672985781991,,,,unclear,resolved
NCT03872011,10.1186/s13054-022-04175-x,NCT03872011,yes,adult ICU patients with septic shock within 12 hours,yes,individual,90-day all-cause mortality,day 90 after randomization,higher_worse,0.40,0.25,absolute_difference,0.15,406,426,0.05,0.90,0.05,two_sided,1:1,426,426,213,83,213,86,-0.0140845070422535,yes,no,reproduced,1.03286384976526,absolute_difference,0.148733814669052,0.991558764460348,no,none
SOHO-COVID-NCT04468126,10.1001/jama.2022.15613,NCT04468126,yes,34 French ICUs treating COVID-19 acute hypoxemic respiratory failure,yes,individual,all-cause mortality,day 28 after randomization,higher_worse,0.25,0.15,absolute_difference,0.10,670,720,,0.90,0.05,two_sided,1:1,782,711,354,40,357,36,0.0121540141480321,yes,no,reproduced,13.7005649717514,absolute_difference,0.0674542014847894,0.674542014847894,no,none
TRACE-NCT02473406,10.1007/s00134-022-06745-7,NCT02473406,yes,multicenter critically ill adults with predicted severe acute necrotising pancreatitis,yes,individual,infected pancreatic necrosis,during index admission,higher_worse,0.25,0.15,absolute_difference,0.10,500,520,0.04,0.80,0.05,two_sided,1:1,508,508,254,46,254,40,0.0236220472440945,yes,yes,reproduced,6.88976377952756,absolute_difference,0.0862199091201537,0.862199091201537,no,none
CLASSIC-NCT03668236,10.1056/NEJMoa2202707,NCT03668236,yes,international adult ICUs treating septic shock,yes,individual,all-cause mortality,day 90 after randomization,higher_worse,0.45,0.38,RRR,0.155555555555556,1554,1554,,0.80,0.05,two_sided,1:1,1554,1545,781,329,764,323,-0.00360842788714014,yes,no,reproduced,2.87451984635083,RRR,0.164191850926597,1.05551904167098,yes,resolved
CandiSep_NCT02734550,10.1007/s00134-022-06733-x,NCT02734550,yes,18 German intensive care units,yes,individual,28-day all-cause mortality,28 days after inclusion,higher_worse,0.498,0.342,absolute_difference,0.156,312,348,0.10,0.80,0.05,two_sided,1:1,342,339,167,51,172,58,-0.03182008,yes,yes,reproduced,19.26107784,absolute_difference,0.13459750,0.86280480,no,none
LOVIT_NCT03680274,10.1056/NEJMoa2200644,NCT03680274,yes,"adult ICUs in Canada, New Zealand, France, and Saudi Arabia",yes,individual,composite of death or persistent organ dysfunction,day 28,higher_worse,0.50,0.40,absolute_difference,0.10,770,800,0.0375,0.80,0.05,two_sided,1:1,872,863,434,167,429,191,-0.06042882,no,no,reproduced,11.52073733,absolute_difference,0.09531004,0.95310040,no,none
NICOVID-REA_NCT04598594,10.1007/s00134-022-06721-1,NCT04598594,yes,18 French intensive care units,yes,individual,day-28 mortality,day 28,higher_worse,0.35,0.20,absolute_difference,0.15,220,220,,0.80,0.05,one_sided,1:1,220,218,112,31,106,30,-0.00623315,yes,no,reproduced,7.32142857,absolute_difference,0.13566370,0.90442440,no,none
COVI-PRONE-NCT04350723,10.1001/jama.2022.7993,NCT04350723,yes,adult ICU or monitored acute-care patients with COVID-19 hypoxemic respiratory failure,yes,individual,endotracheal intubation,within 30 days of randomization,higher_worse,0.45,0.315,absolute_difference,0.135,400,400,,0.80,0.05,two_sided,1:1,400,400,195,79,205,70,0.0636647904940588,yes,no,reproduced,4.48717948717949,absolute_difference,0.132229388956262,0.979476955231572,no,none
ESCAPe-NCT01283009,10.1007/s00134-022-06684-3,NCT01283009,yes,adult Veterans Affairs ICU patients with severe community-acquired pneumonia,yes,individual,all-cause mortality,day 60 after randomization,higher_worse,0.28,0.21,absolute_difference,0.07,1406,1420,0.01,0.85,0.05,two_sided,1:1,586,584,277,50,286,47,0.0161697508267906,yes,yes,reproduced,9.94945848375451,absolute_difference,0.0572941964657657,0.818488520939509,no,none
HYPO-ECMO-NCT02754193,10.1001/jama.2021.24776,NCT02754193,yes,adult cardiac-shock ICUs using VA-ECMO,yes,individual,all-cause mortality,day 30 after randomization,higher_worse,0.50,0.35,absolute_difference,0.15,334,334,,0.80,0.049,two_sided,1:1,374,334,166,84,168,71,0.0834050487664945,yes,no,reproduced,-0.602409638554213,absolute_difference,0.151722232993526,1.01148155329017,no,resolved
PLUS-NCT02721654,10.1056/NEJMoa2114464,NCT02721654,yes,53 adult ICUs in Australia and New Zealand,yes,individual,all-cause mortality,day 90 after randomization,higher_worse,0.23,0.1922,absolute_difference,0.0378,4900,5000,0.02,0.90,0.05,two_sided,1:1,5037,4846,2413,530,2433,530,0.0018055371737109,yes,no,reproduced,1.03564028180688,absolute_difference,0.0371057106297691,0.981632556343099,no,none
VITAMIN_C_SHOCK_NCT03338569,10.1097/CCM.0000000000005427,NCT03338569,yes,One academic medical ICU and four community ICUs; adults with septic shock within 24 h of vasopressor initiation,yes,individual,All-cause mortality,28 days,higher_worse,0.30,0.10,absolute_difference,0.20,124,140,,0.80,0.05,two_sided,1:1,125,124,64,26,60,16,0.1395833333,yes,yes,reproduced,-10.625,absolute_difference,0.2268106,1.134053,no,resolved
EVK_NCT02643381,10.1007/s00134-021-06577-x,NCT02643381,yes,Single high-volume US center; critically ill adults requiring emergency endotracheal intubation,yes,individual,Survival,Day 7 after emergency endotracheal intubation,higher_better,0.85,0.95,absolute_difference,0.10,750,825,0.10,0.80,0.05,unclear,1:1,801,791,396,306,395,336,0.0779059829,no,yes,failed,7.7272727273,,,,no,resolved
HIFLO_COVID_NCT04609462,10.1001/jama.2021.20714,NCT04609462,yes,"Three Colombian hospitals; adults with severe COVID-19 hypoxemic respiratory failure in emergency, ward, or ICU settings",yes,individual,Need for intubation / invasive mechanical ventilation,Through day 28,higher_worse,0.60,0.40,absolute_difference,0.20,196,220,,0.80,0.05,two_sided,1:1,220,199,100,51,99,34,0.1665656566,no,no,reproduced,9,absolute_difference,0.1958136,0.979068,no,resolved
CONTROLING_NCT02244073,10.1007/s00134-021-06526-8,NCT02244073,yes,"Twelve French adult medical, surgical, and mixed ICUs",yes,individual,All-cause mortality,Within 90 days after randomization,higher_worse,0.22,0.18,absolute_difference,0.04,4200,4200,,0.90,0.05,two_sided,1:1,2075,1917,968,295,938,308,-0.0236061374,yes,yes,reproduced,-8.4752066116,absolute_difference,0.04500311,1.125078,no,resolved
ANISODAMINE-NCT02442440,10.1186/s13054-021-03774-4,NCT02442440,yes,12 tertiary-care hospital ICUs in China; critically ill adults with septic shock,yes,individual,Hospital mortality,From randomization through hospital discharge,higher_worse,0.50,0.35,absolute_difference,0.15,355,355,,0.80,0.05,two_sided,1:1,355,355,174,62,181,55,0.052454435766,yes,no,reproduced,14.367816091954,absolute_difference,0.134375497279,0.895836648525,no,resolved
PROSPECT-NCT02462590,10.1001/jama.2021.13355,NCT02462590,yes,"44 adult ICUs in Canada, the United States, and Saudi Arabia; adults expected to require mechanical ventilation for at least 72 hours",yes,individual,Centrally adjudicated incident ventilator-associated pneumonia,Through 60 days after randomization,higher_worse,0.15,0.1125,RRR,0.25,2650,2650,,0.80,0.05,two_sided,1:1,2653,2650,1332,284,1318,289,-0.028414798350,yes,no,reproduced,-6.321321321321,RRR,0.200901705559,0.803606822237,no,resolved
REST-NCT02654327,10.1001/jama.2021.13374,NCT02654327,yes,51 United Kingdom ICUs; mechanically ventilated adults with acute hypoxemic respiratory failure,yes,individual,All-cause mortality,90 days after randomization,higher_worse,0.41,0.3157,RRR,0.23,1086,1120,0.03,0.90,0.05,two_sided,1:1,412,405,205,81,200,83,-0.050308641975,yes,yes,reproduced,1.487804878049,RRR,0.236764124238,1.029409235818,yes,resolved
EIT-PEEP-NCT02361398,10.1186/s13054-021-03645-y,NCT02361398,yes,Single tertiary-care ICU in China; mechanically ventilated adults aged 18-85 years with ARDS,yes,individual,All-cause mortality,Within 28 days after randomization,higher_worse,0.40,0.15,absolute_difference,0.25,114,126,,0.80,0.05,unclear,1:1,126,117,56,15,61,13,0.054742388759,yes,no,partial,13.214285714286,,,,unclear,resolved
PROFLO_ISRCTN54917435,10.1186/s13054-021-03602-9,ISRCTN54917435,yes,adult COVID-19 patients receiving HFNO or NIV at three Swedish hospitals,yes,individual,intubation,within 30 days,higher_worse,0.88,0.704,RRR,0.20,224,240,,0.90,0.05,two_sided,1:1,75,75,39,13,36,12,0,yes,yes,reproduced,54.6666666667,RRR,0.5510468879,2.7552344396,yes,resolved
POSA_FLU_NCT03378479,10.1007/s00134-021-06431-0,NCT03378479,yes,adult patients admitted to ICU with influenza-associated respiratory failure,yes,individual,IAPA incidence,during ICU stay in the MITT population excluding IAPA present within 48 hours,higher_worse,0.25,0.05,RRR,0.80,94,110,,0.80,0.05,one_sided,1:1,88,73,36,4,37,2,0.5135135135,yes,yes,failed,13.8888888889,,,,unclear,resolved
IMT_NCT02932189,10.1097/CCM.0000000000004787,NCT02932189,yes,tracheostomized adults undergoing prolonged weaning in a Brazilian ICU,yes,individual,successful weaning,cumulative successful weaning through ICU day 60; successful weaning defined as spontaneous breathing for at least 48 hours after MV withdrawal,higher_better,,,absolute_difference,0.30,80,104,0.30,0.80,0.05,two_sided,1:1,110,101,,,,,0.303,no,no,partial,,,,,unclear,resolved
BACLOREA_NCT02723383,10.1001/jama.2021.0658,NCT02723383,yes,adults with unhealthy alcohol use receiving mechanical ventilation in 18 French ICUs,yes,individual,at least one agitation-related event,during study treatment (22 days maximum),higher_worse,0.42,0.27,absolute_difference,0.15,314,314,,0.80,0.05,two_sided,1:1,314,314,155,46,157,31,0.0993219642,no,no,reproduced,12.3225806452,absolute_difference,0.1326600971,0.8844006470,no,resolved
CAPE_COVID_NCT02517489,10.1001/jama.2020.16761,NCT02517489,yes,Nine French ICUs; adults with COVID-19 acute respiratory failure,yes,individual,Treatment failure (death or persistent mechanical ventilation or high-flow oxygen dependency),Day 21,higher_worse,0.30,0.15,absolute_difference,0.15,290,290,,0.80,0.05,two_sided,1:1,149,149,73,37,76,32,0.086,yes,yes,failed,-20.684931506849,,,,no,resolved
ECMO_TPP_32590385,10.1097/CCM.0000000000004445,,yes,Single 16-bed respiratory ICU; adults with severe ARDS supported by VV-ECMO,yes,individual,Successful weaning from venovenous ECMO,During the VV-ECMO treatment course,higher_better,,,,,96,96,,0.80,,unclear,1:1,104,102,50,24,52,37,0.231538461538,no,no,partial,,,,,no,resolved
DECADE_NCT02004613,10.1016/S0140-6736(20)30631-0,NCT02004613,yes,Six US academic hospitals; adults recovering in ICU after cardiac surgery,yes,individual,New-onset atrial arrhythmia (atrial fibrillation or flutter),ICU admission to postoperative day 5 or earlier hospital discharge,higher_worse,0.35,0.245,RR,0.70,965,965,,0.90,0.05,two_sided,1:1,798,794,395,134,397,121,0.90,yes,yes,failed,1.075949367089,,,,unclear,resolved
STARRT_AKI_NCT02568722,10.1056/NEJMoa2000741,NCT02568722,yes,Multinational ICUs; critically ill adults with severe acute kidney injury,yes,individual,All-cause mortality,90 days after randomization,higher_worse,0.40,0.34,RRR,0.15,2780,2866,0.03,0.90,0.05,two_sided,1:1,3019,2927,1462,639,1465,643,-0.004199180674,yes,no,reproduced,-3.707250341997,RRR,0.138097073855,0.920647159036,no,resolved
65_TRIAL_ISRCTN10580502,10.1001/jama.2020.0930,ISRCTN10580502,yes,65 UK adult general ICUs; patients aged at least 65 years with vasodilatory hypotension receiving vasopressors,yes,individual,All-cause mortality,90 days after randomization,higher_worse,0.35,0.29,absolute_difference,0.06,2535,2600,0.025,0.90,0.05,two_sided,1:1,2600,2463,1242,544,1221,500,0.028502811112,yes,no,reproduced,-8.800322061192,absolute_difference,0.063191462201,1.053191036691,no,resolved
IC43_NCT01563263,10.1186/s13054-020-2792-z,NCT01563263,yes,52 European ICUs; medically ill adults expected to require mechanical ventilation for at least 48 hours,yes,individual,All-cause mortality,Day 28,higher_worse,,,absolute_difference,0.10,800,800,,0.90,0.05,two_sided,1:1,799,799,390,108,370,108,-0.014968814969,yes,yes,partial,,,,,unclear,resolved
NONSEDA_NCT01967680,10.1056/NEJMoa1906759,NCT01967680,yes,Multinational ICUs; critically ill adults receiving mechanical ventilation,yes,individual,All-cause mortality,90 days after randomization,higher_worse,0.40,0.30,RRR,0.25,700,700,,0.80,0.05,two_sided,1:1,710,700,351,130,349,148,-0.144985673352,yes,no,reproduced,2.962962962963,RRR,0.266508097857,1.066032391427,yes,resolved
VIOLET_NCT03096314,10.1056/NEJMoa1911124,NCT03096314,yes,44 US hospitals; critically ill adults at high risk for death with screened vitamin D deficiency,yes,individual,"All-cause, all-location mortality",90 days after randomization,higher_worse,0.20,0.15,absolute_difference,0.05,2400,3000,0.20,0.87,0.05,two_sided,1:1,1360,1078,528,109,531,125,-0.028965502482,yes,yes,failed,-0.643939393939,,,,no,resolved
VANCS_II_NCT01718613,10.1097/CCM.0000000000004023,NCT01718613,yes,Single tertiary-care ICU; adults with cancer and septic shock,yes,individual,All-cause mortality,Day 28 after randomization,higher_worse,,,,,,,,,,,1:1,250,250,125,66,125,71,-0.04,yes,no,partial,,,,,unclear,resolved
ANTHARTIC_NCT02186951,10.1056/NEJMoa1812379,NCT02186951,yes,Multicenter ICUs; mechanically ventilated adults after shockable out-of-hospital cardiac arrest treated with targeted temperature management,yes,individual,Early ventilator-associated pneumonia,First 7 days of hospitalization,higher_worse,0.68,0.51,RRR,0.25,163,192,0.15,0.90,0.05,two_sided,1:1,198,194,95,32,99,19,0.430239898990,no,no,failed,34.315789473684,,,,no,resolved
HIGH_WEAN_NCT03121482,10.1001/jama.2019.14901,NCT03121482,yes,Multicenter French ICUs; adults at high risk of extubation failure after planned extubation,yes,individual,Reintubation,Within 7 days after planned extubation,higher_worse,0.18,0.10,absolute_difference,0.08,590,650,0.10,0.80,0.05,two_sided,1:1,648,641,302,55,339,40,0.064125105003,no,yes,reproduced,-0.211920529801,absolute_difference,0.080345110634,1.004313882925,no,resolved
HYPERION_NCT01994772,10.1056/NEJMoa1906661,NCT01994772,yes,Multicenter French ICUs; comatose adults after resuscitated cardiac arrest with nonshockable rhythm,yes,individual,Survival with favorable neurologic outcome (CPC score 1 or 2),Day 90 after randomization,higher_better,0.14,0.23,absolute_difference,0.09,584,584,,0.80,0.05,two_sided,1:1,584,581,297,17,284,29,0.044873618817,no,no,reproduced,8.276094276094,absolute_difference,0.066359026293,0.737322514363,no,resolved
ALBUMIN_RINGER_PMID31356475,10.1097/CCM.0000000000003900,,yes,Single tertiary-care cancer ICU; adults with severe sepsis or septic shock,yes,individual,All-cause mortality,Day 7,higher_worse,,,,,,,,,,,1:1,360,360,180,40,180,46,-0.033333333333,yes,unclear,partial,,,,,unclear,resolved
NIV_MILD_ARDS_NCT01581229,10.1186/s13054-019-2575-6,NCT01581229,yes,Twenty-one Chinese respiratory and critical-care departments; adults with pneumonia-induced early mild ARDS,yes,individual,Meeting criteria for endotracheal intubation,During index hospitalization (registry v0 timeFrame: 1 year),higher_worse,0.40,0.32,RRR,0.20,184,200,0.15,0.80,0.05,two_sided,1:1,204,200,98,9,102,11,-0.174291938998,yes,no,failed,30.816326530612,,,,unclear,resolved
PRESSURE_SUPPORT_SBT_NCT02620358,10.1001/jama.2019.7234,NCT02620358,yes,Eighteen Spanish ICUs; adults ready for weaning after at least 24 hours of invasive mechanical ventilation,yes,individual,"Successful extubation, remaining free of invasive ventilation",72 hours after the first spontaneous breathing trial,higher_better,0.75,0.82,absolute_difference,0.07,1080,1080,,0.80,0.05,two_sided,1:1,1153,1153,578,428,575,473,0.082124266586,no,no,reproduced,0.951557093426,absolute_difference,0.071008519810,1.014407425856,no,resolved
SCARLET_NCT01598831,10.1001/jama.2019.5358,NCT01598831,yes,Multinational ICUs; adults with sepsis-associated coagulopathy and cardiovascular or respiratory dysfunction,yes,individual,All-cause mortality,Day 28 after treatment start,higher_worse,0.24,0.16,absolute_difference,0.08,800,800,,0.80,0.05,two_sided,1:1,816,800,405,119,395,106,0.025472730114,yes,no,reproduced,-5.382716049383,absolute_difference,0.085762106692,1.072026333651,no,resolved
PMID31112380,10.1056/NEJMoa1904710,NCT01728558,yes,adult ICU mechanical ventilation (multicenter),yes,individual,death from any cause,90 days,higher_worse,,,,,,4000,,,,,1:1,4000,3904,1956,569,1948,566,0,yes,no,partial,,,,,unclear,resolved
PMID31064406,10.1186/s13054-019-2440-7,NCT03760510,yes,medical ICU invasive mechanical ventilation (single-center),yes,individual,composite lip ulcer endotracheal tube dislodgement VAP or facial skin tears (design primary as rate per 1000 ventilator days),from randomization to earlier of death or 48 h after extubation,higher_worse,,,,,284,500,0.056,0.8,0.05,two_sided,1:1,500,298,145,25,153,12,0.0939824206,no,no,partial,,,,,unclear,resolved
PMID30772908,10.1001/jama.2019.0071,NCT03078712,yes,adult ICU septic shock (28 ICUs 5 countries),yes,individual,all-cause mortality,28 days,higher_worse,0.45,0.3,absolute_difference,0.15,420,420,,0.9,0.05,two_sided,1:1,424,424,212,92,212,74,0.0849056604,yes,no,reproduced,1.6037735849,absolute_difference,0.1509548364,1.0063655761,yes,resolved
PMID30617461,10.1007/s00134-018-5497-x,NCT01648777,yes,postoperative cardiac surgery with sternotomy/CPB (ICU pathway; 5 academic centers),yes,individual,postoperative pneumonia,hospital discharge or 30 days,higher_worse,0.18,0.126,RRR,0.3,1500,1500,,0.8,0.05,two_sided,1:1,1493,1485,739,42,746,36,0.1509,yes,yes,failed,12.3166441137,,,,unclear,resolved
PMID30357270,10.1001/jama.2018.14282,NCT02739451,yes,adult immunocompromised patients with acute hypoxemic respiratory failure in 32 ICUs in France,yes,individual,all-cause day-28 mortality,28 days,higher_worse,,,,,,778,,,,,1:1,778,776,388,140,388,138,0.005154639175257714,yes,no,partial,,,,,unclear,resolved
PMID30346225,10.1056/NEJMoa1811687,NCT02306746,yes,adults undergoing mechanical ventilation in 46 Australian and New Zealand ICUs,yes,individual,all-cause mortality within 90 days,90 days,higher_worse,,,,,,4000,,,,,1:1,4000,3957,1966,505,1948,523,1.05,yes,no,partial,,,,,unclear,resolved
PMID30304656,10.1056/NEJMoa1803213,NCT01682590,yes,ICU patients with septic shock and severe acute kidney injury (RIFLE failure stage),yes,individual,death at 90 days,90 days,higher_worse,,,,,,710,,,,,1:1,488,477,238,128,239,138,-0.03959073169016558,yes,yes,partial,,,,,unclear,resolved
PMID30304428,10.1001/jama.2018.14618,NCT01046669,yes,adult critically ill patients with septic shock and endotoxin activity assay >=0.60 at 55 tertiary hospitals in North America,yes,individual,mortality at 28 days among all patients randomized,28 days,higher_worse,,,,,,,,,,,1:1,450,449,226,78,223,84,1.09,yes,unclear,partial,,,,,unclear,resolved
PMID30261905,10.1186/s13054-018-2167-x,UMIN R000007633,yes,mechanically ventilated sepsis patients in ICU,yes,individual,infectious complications (enteritis; VAP; bacteremia),within 4 weeks from admission (28 days),higher_worse,0.30,0.10,absolute_difference,0.20,124,136,0.10,0.80,0.05,two_sided,1:1,77,72,37,25,35,10,0.38996138996139,no,yes,reproduced,-37.5675675675676,absolute_difference,0.247867333822179,1.2393366691109,no,resolved
PMID29976233,10.1186/s13054-018-2092-z,ChiCTR-IPR-16008485,yes,elderly patients (age >= 75 years) on mechanical ventilation in ICU,yes,individual,ventilator-associated pneumonia (VAP) rate,duration of mechanical ventilation,higher_worse,0.38,0.19,absolute_difference,0.19,140,140,,0.80,0.05,one_sided,1:1,141,141,71,18,70,8,0.139235412474849,no,no,reproduced,12.6478873239437,absolute_difference,0.158285629756894,0.833082261878392,no,resolved
PMID29971593,10.1007/s00134-018-5267-9,NCT01697410,yes,septic shock patients in 21 ICUs (China),yes,individual,28-day mortality (death from any cause),28 days after start of infusion,higher_worse,,,,,,1000,,,,,1:1,617,526,266,,260,,0.02,yes,yes,partial,,,,,unclear,resolved
PMID29910040,10.1016/S0140-6736(18)31080-8,NCT02476253,yes,adult ICU patients with severe metabolic acidaemia (26 ICUs France),yes,individual,composite of death from any cause by day 28 and presence of at least one organ failure at day 7,day 28 mortality and/or organ failure at day 7,higher_worse,,,,,,400,,,,,1:1,389,389,194,138,195,128,0.054929949775311,yes,no,partial,,,,,unclear,resolved
PMID29792232,10.1186/s13054-018-2055-4,NCT01946269,yes,postoperative ICU after high-risk cancer surgery (single-center tertiary oncology hospital),yes,individual,composite endpoint of 30-day all-cause mortality and severe postoperative complications during hospital stay,30 days (mortality) and hospital stay (severe complications),higher_worse,0.56,0.28,absolute_difference,0.28,128,128,,0.9,0.05,two_sided,1:1,128,128,64,28,64,34,-0.09375,yes,no,reproduced,12.25,absolute_difference,0.260166839058881,0.929167282353147,no,resolved
PMID28857848,10.1097/CCM.0000000000002695,,yes,postcardiac surgery ICU,yes,individual,clinical cure,day 7 of treatment,higher_better,,,,,,,,,,,not_reported,133,133,,,,,,unclear,unclear,partial,,,,,unclear,resolved
PMID29128300,10.1016/S0140-6736(17)32146-3,NCT01802099,yes,44 French ICUs; adults on invasive mechanical ventilation and vasopressor support for shock,yes,individual,mortality,day 28 after randomisation,higher_worse,,,,,,2854,,,,,1:1,2410,2410,1208,422,1202,443,-0.01921466430122,yes,yes,partial,,,,,unclear,resolved
PMID29089038,10.1186/s13054-017-1862-3,NCT01017796,unclear,ICU University Hospital of Larissa (12 beds),yes,individual,incidence of contrast-induced nephropathy (CIN; >=25% relative increase in serum creatinine from baseline within 5 days),within 5 days after radiocontrast,higher_worse,0.5,0.25,RRR,0.5,116,116,,0.8,0.05,two_sided,1:1,124,124,64,10,60,11,-0.173333333333333,yes,no,reproduced,34.375,RRR,0.917162425074081,1.83432485014816,yes,resolved
PMID28973363,10.1001/jama.2017.14171,NCT01374022,yes,120 ICUs in 9 countries; adults with moderate to severe ARDS on mechanical ventilation,yes,individual,all-cause mortality until 28 days,28 days,higher_worse,,,,,,1620,,,,,1:1,1010,1010,509,251,501,277,1.20,no,yes,partial,,,,,unclear,resolved
PMID28952891,10.1056/NEJMoa1707572,NCT01638416,yes,59 centers in 5 countries; critically ill adults in ICU receiving RBC transfusion,yes,individual,90-day mortality,90 days,higher_worse,,,,,,5000,,,,,1:1,4994,4919,2462,594,2457,610,0.007,yes,no,partial,,,,,unclear,resolved
PMID28936675,10.1007/s00134-017-4911-0,NCT01915563,yes,17 Spanish medical-surgical ICUs; critically ill adults on MV >12 h after successful SBT,yes,individual,reintubation within 48 h,48 hours after extubation,higher_worse,,,,,,450,,,,,1:1,470,470,243,35,227,12,0.33,no,no,partial,,,,,unclear,resolved
PMID28742911,10.1001/jama.2017.8978,NCT01689077,yes,10 ICUs at 10 university hospitals in 6 European countries; unconscious adults after OHCA,yes,individual,favorable neurologic outcome (CPC score 1 or 2),6 months,higher_better,,,,,,340,,,,,1:1,355,351,176,112,175,120,1.08,yes,no,partial,,,,,unclear,resolved
PMID29149418,10.1007/s00134-017-4858-1,NCT01138540,yes,invasively ventilated critically ill patients (multicenter ICU),yes,individual,Incidence of microbiologically confirmed ventilator-associated pneumonia,within the first 14 days of intubation / 14 days of mechanical ventilation,higher_worse,,,,,,800,,,,,1:1,395,395,201,8,194,1,0.13,yes,yes,partial,,,,,unclear,resolved
PMID28599662,10.1186/s13054-017-1730-1,NCT01581957,yes,single-center ICU (adult patients expected ICU stay ≥5 days; tube feeding ≥3 days),yes,individual,Diarrhea-free days and number of diarrhea events per day during enteral nutrition administration in the ICU,from EN start until end of treatment or ICU discharge (up to 10 days),higher_worse,,,,,,90,,,,,1:1,90,90,,,,,,yes,no,partial,,,,,unclear,resolved
PMID28240687,10.1097/CCM.0000000000002283,,yes,teaching hospital ICU; adult cancer patients with septic shock in first 6 hours of ICU admission,yes,individual,28-day mortality after randomization,28 days after randomization,higher_worse,,,,,,,,,,,1:1,300,300,149,67,151,84,,yes,unclear,partial,,,,,unclear,resolved
PMID28393258,10.1007/s00134-017-4785-1,NCT01047852,yes,mechanically ventilated ICU patients with chronic respiratory disorders (multicenter),yes,individual,Incidence of respiratory failure after extubation,within 48 h after extubation (registry timeFrame 2 days),higher_worse,,,,,,144,,,,,1:1,144,143,72,20,71,6,,no,no,partial,,,,,unclear,resolved
PMID28322414,10.1001/jama.2017.2088,NCT01760967,yes,8 ICUs in Japan; adult sepsis requiring mechanical ventilation ≥24 h,yes,individual,28-day mortality (co-primary with ventilator-free days),28 days,higher_worse,,,,,,200,,,,,1:1,201,201,101,28,100,19,0.0872277227722773,yes,no,partial,,,,,unclear,resolved
PMID28181941,10.1097/CCM.0000000000002267,,yes,3 French ICUs; critically ill adults receiving intravascular contrast media,yes,individual,Contrast-associated acute kidney injury (AKIN criteria),72 hours after contrast exposure,higher_worse,,,,,,,,,,,1:1,307,307,156,52,151,53,-0.0176600441501104,yes,unclear,partial,,,,,unclear,resolved
PMID28320259,10.1056/NEJMoa1616325,NCT00994825,yes,cardiac surgery perioperative ICU hemodynamic support (CHEETAH),yes,individual,30-day mortality,30 days,higher_worse,,,,,,1000,,,,,1:1,506,506,258,33,248,32,-0.0011252813203301,yes,yes,partial,,,,,unclear,resolved
PMID28081952,10.1016/S0140-6736(16)32410-2,NCT00784134,yes,ICU with routinely placed extraventricular drain for IVH (CLEAR III multiregion),yes,individual,Good functional outcome mRS ≤3 (dichotomized),180 days,higher_better,,,,,,500,,,,,1:1,500,491,245,110,246,117,0.0266301642608263,yes,no,partial,,,,,unclear,resolved
PMID27695824,10.1001/jama.2016.14799,NCT00670254,yes,"34 intermediate or intensive care units, Germany",yes,individual,development of septic shock,14 days,higher_worse,,,,,,380,,,,,1:1,380,340,170,39,170,36,0.01764706,yes,no,partial,,,,,unclear,resolved
PMID27706483,10.1001/jama.2016.14655,NCT01773876,yes,19 French ICUs; ICU-acquired sepsis with Candida colonization and multiple organ failure,yes,individual,survival without proven invasive fungal infection (IFI),28 days,higher_better,,,,,,260,,,,,1:1,260,251,123,79,128,82,-0.00165142,yes,no,partial,,,,,unclear,resolved
PMID27706466,10.1001/jama.2016.11993,NCT01319643,yes,"single-center medical-surgical ICU, Modena University Hospital, Italy",yes,individual,ICU mortality,during ICU stay,higher_worse,,,,,,660,,,,,1:1,480,434,218,44,216,25,0.08609412,no,yes,partial,,,,,unclear,resolved
PMID27745551,10.1186/s13054-016-1504-1,NCT00870883,yes,"general ICU, Sao Jose Hospital academic center, Criciuma, Brazil",yes,individual,incidence of acute kidney injury (AKI; KDIGO new or worsening stage),28 days,higher_worse,0.6,0.4,absolute_difference,0.2,140,140,,0.8,0.05,two_sided,1:1,80,80,40,27,40,26,0.025,yes,yes,failed,-7.5,,,,unclear,resolved
PMID27635481,10.1097/CCM.0000000000001819,,yes,university-affiliated mixed medical-surgical ICU,unclear,individual,clinically significant gastrointestinal bleeding,ICU course / not further specified in abstract,higher_worse,,,,,,,,,,,unclear,214,214,,,,,,unclear,unclear,partial,,,,,unclear,resolved
PMID27428384,10.1097/CCM.0000000000001820,,yes,24-bed surgical ICU at quaternary academic medical center,yes,individual,"composite hospital-acquired infection (CAUTI, VAP, incisional SSI, primary BSI)",up to 28 days of surgical ICU bathing protocol,higher_worse,,,,,,,,,,,unclear,350,325,164,,161,,,no,unclear,partial,,,,,unclear,resolved
PMID27654700,10.1186/s13054-016-1480-5,ChiCTR-IPR-16008231,yes,ICU after cardiac surgery with CPB,yes,individual,new-onset postoperative atrial fibrillation,within 96 h of surgery,higher_worse,0.35,0.10,absolute_difference,0.25,80,90,0.10,0.80,0.05,two_sided,1:1,90,88,44,16,44,6,0.227272727,no,no,failed,-1.363636,,,,unclear,resolved
PMID27542303,10.1016/S0140-6736(16)30580-3,ChiCTR-TRC-10000802,yes,ICU after non-cardiac surgery (two tertiary-care hospitals),yes,individual,postoperative delirium (CAM-ICU),first 7 postoperative days,higher_worse,,,,,,,,,,,1:1,700,700,350,79,350,32,0.134285714,no,unclear,partial,,,,,unclear,resolved
PMID27344436,10.1007/s00134-016-4405-5,,yes,adult severe sepsis/septic shock ICU (IRCCS San Raffaele),yes,individual,composite of prolonged ICU stay and/or 30-day mortality,30 days (composite primary; follow-up also at 90 days),higher_worse,,,,,,,,,,unclear,unclear,37,37,18,12,19,15,-0.122807,yes,unclear,partial,,,,,unclear,resolved
PMID27179847,10.1001/jama.2016.6338,NCT01680783,yes,medical ICU University of Chicago (adult ARDS requiring face-mask NIV),yes,individual,proportion of patients who required endotracheal intubation,during hospitalization up to 6 weeks (registry primary time frame),higher_worse,,,,,,206,,,,unclear,1:1,83,83,39,24,44,8,0.433566,no,yes,partial,,,,,unclear,resolved
